City_ID,City,Country,Date,Lat,Lng,Max Temp,Humidity,Cloudiness,Wind Speed,Current Description,Rain (in),Snow (in)
0,Airai,TL,2022-02-05 22:05:24,-8.9266,125.4092,60.8,91,93,1.5,overcast clouds,0.0,0.0
1,Puerto Ayora,EC,2022-02-05 22:01:44,-0.7393,-90.3518,78.55,84,70,5.99,broken clouds,0.0,0.0
2,Hithadhoo,MV,2022-02-05 22:02:09,-0.6,73.0833,81.77,75,81,11.52,broken clouds,0.0,0.0
3,Dikson,RU,2022-02-05 22:05:25,73.5069,80.5464,-19.23,100,99,3.18,overcast clouds,0.0,0.0
4,Buta,CD,2022-02-05 22:05:25,2.7858,24.73,70.93,38,84,1.74,broken clouds,0.0,0.0
5,Qaanaaq,GL,2022-02-05 22:02:25,77.484,-69.3632,1.17,97,100,2.62,overcast clouds,0.0,0.0
6,Busselton,AU,2022-02-05 22:01:46,-33.65,115.3333,66.04,90,18,6.85,few clouds,0.0,0.0
7,Havelock,US,2022-02-05 22:02:44,34.8791,-76.9013,45.97,54,3,3.0,clear sky,0.0,0.0
8,Hovd,MN,2022-02-05 22:05:26,48.0056,91.6419,-13.43,78,21,4.09,few clouds,0.0,0.0
9,Chokurdakh,RU,2022-02-05 22:02:14,70.6333,147.9167,-31.27,100,100,1.68,overcast clouds,0.0,0.0
10,Mataura,NZ,2022-02-05 22:01:59,-46.1927,168.8643,48.07,89,100,1.1,overcast clouds,0.0,0.0
11,Georgetown,MY,2022-02-05 22:00:16,5.4112,100.3354,79.9,82,20,3.44,few clouds,0.0,0.0
12,Lobatse,BW,2022-02-05 22:05:27,-25.2167,25.6667,66.58,66,53,4.76,broken clouds,0.0,0.0
13,Houston,US,2022-02-05 22:01:44,29.7633,-95.3633,53.85,36,0,3.0,clear sky,0.0,0.0
14,Belmonte,BR,2022-02-05 22:05:28,-15.8631,-38.8828,73.9,85,77,7.56,broken clouds,0.0,0.0
15,Butaritari,KI,2022-02-05 22:02:34,3.0707,172.7902,82.67,73,52,19.33,broken clouds,0.0,0.0
16,Lavrentiya,RU,2022-02-05 22:02:56,65.5833,-171.0,-15.97,94,9,9.64,clear sky,0.0,0.0
17,Lagoa,PT,2022-02-05 22:05:28,39.05,-27.9833,58.96,74,17,17.58,few clouds,0.0,0.0
18,Ilulissat,GL,2022-02-05 22:05:29,69.2167,-51.1,-0.9,75,100,8.41,overcast clouds,0.0,0.0
19,Komsomolskiy,UZ,2022-02-05 22:05:29,40.4272,71.7189,38.62,35,100,2.3,overcast clouds,0.0,0.0
20,Rio Gallegos,AR,2022-02-05 22:05:30,-51.6226,-69.2181,69.85,37,40,25.32,scattered clouds,0.0,0.0
21,Sungaipenuh,ID,2022-02-05 22:05:30,-2.0833,101.3833,63.34,99,100,1.81,light rain,0.13,0.0
22,Tuktoyaktuk,CA,2022-02-05 22:02:11,69.4541,-133.0374,-27.76,100,79,9.48,broken clouds,0.0,0.0
23,Ilhabela,BR,2022-02-05 22:05:30,-23.7781,-45.3581,78.13,90,100,6.08,overcast clouds,0.0,0.0
24,Albany,US,2022-02-05 21:59:11,42.6001,-73.9662,17.89,53,3,3.0,clear sky,0.0,0.0
25,Provideniya,RU,2022-02-05 22:01:57,64.3833,-173.3,-4.45,85,2,10.25,clear sky,0.0,0.0
26,New Norfolk,AU,2022-02-05 22:01:54,-42.7826,147.0587,62.65,64,96,2.42,overcast clouds,0.0,0.0
27,Bengkulu,ID,2022-02-05 22:03:27,-3.8004,102.2655,72.93,95,100,9.95,light rain,0.53,0.0
28,Kavieng,PG,2022-02-05 22:03:08,-2.5744,150.7967,82.29,75,53,4.59,broken clouds,0.0,0.0
29,Cape Town,ZA,2022-02-05 22:00:54,-33.9258,18.4232,73.11,62,5,1.01,clear sky,0.0,0.0
30,Bambous Virieux,MU,2022-02-05 22:03:02,-20.3428,57.7575,79.21,81,100,18.14,moderate rain,1.18,0.0
31,Bubaque,GW,2022-02-05 22:05:32,11.2833,-15.8333,78.17,71,1,13.11,clear sky,0.0,0.0
32,Tasiilaq,GL,2022-02-05 22:02:12,65.6145,-37.6368,17.76,59,97,10.22,overcast clouds,0.0,0.0
33,Maniitsoq,GL,2022-02-05 22:05:32,65.4167,-52.9,4.35,95,100,9.57,snow,0.0,0.81
34,Rikitea,PF,2022-02-05 22:01:43,-23.1203,-134.9692,79.09,73,96,10.54,overcast clouds,0.0,0.0
35,Itupiranga,BR,2022-02-05 22:05:33,-5.1347,-49.3267,80.92,95,100,1.54,moderate rain,2.37,0.0
36,Omboue,GA,2022-02-05 22:04:29,-1.5746,9.2618,77.18,87,52,7.67,broken clouds,0.0,0.0
37,Salekhard,RU,2022-02-05 22:05:33,66.53,66.6019,-22.0,100,67,0.94,broken clouds,0.0,0.0
38,Mayumba,GA,2022-02-05 22:05:34,-3.432,10.6554,76.6,88,13,3.2,few clouds,0.0,0.0
39,Atuona,PF,2022-02-05 22:02:33,-9.8,-139.0333,79.03,77,6,22.24,clear sky,0.0,0.0
40,Pacific Grove,US,2022-02-05 22:04:37,36.6177,-121.9166,69.58,50,0,1.99,clear sky,0.0,0.0
41,Asyut,EG,2022-02-05 22:03:19,27.181,31.1837,51.12,54,0,6.69,clear sky,0.0,0.0
42,Vestmannaeyjar,IS,2022-02-05 22:04:48,63.4427,-20.2734,29.3,67,92,10.67,overcast clouds,0.0,0.0
43,Vaini,TO,2022-02-05 22:02:20,-21.2,-175.2,76.87,93,100,30.27,heavy intensity rain,6.09,0.0
44,Lisakovsk,KZ,2022-02-05 22:05:35,52.5369,62.4936,16.83,88,100,7.83,overcast clouds,0.0,0.0
45,Shinyanga,TZ,2022-02-05 22:05:35,-3.6667,33.4333,64.45,88,97,3.0,overcast clouds,0.0,0.0
46,Mar Del Plata,AR,2022-02-05 21:59:19,-38.0023,-57.5575,64.09,83,100,5.99,overcast clouds,0.0,0.0
47,Hilo,US,2022-02-05 22:02:16,19.7297,-155.09,75.79,91,53,1.01,broken clouds,0.0,0.0
48,Pokhara,NP,2022-02-05 22:03:01,28.2333,83.9833,43.72,68,6,6.08,clear sky,0.0,0.0
49,Taoudenni,ML,2022-02-05 22:02:19,22.6783,-3.9836,71.58,10,99,10.18,overcast clouds,0.0,0.0
50,Poopo,BO,2022-02-05 22:05:36,-18.3667,-66.9667,53.94,41,70,5.12,broken clouds,0.0,0.0
51,Punta Arenas,CL,2022-02-05 22:00:43,-53.15,-70.9167,54.28,78,100,10.31,overcast clouds,0.0,0.0
52,Asbury Park,US,2022-02-05 22:05:32,40.2204,-74.0121,29.08,51,0,4.0,clear sky,0.0,0.0
53,Ushuaia,AR,2022-02-05 21:58:13,-54.8,-68.3,55.06,71,40,23.02,scattered clouds,0.0,0.0
54,Monte Carmelo,BR,2022-02-05 22:05:37,-18.7247,-47.4986,70.75,87,71,3.09,heavy intensity rain,4.86,0.0
55,Yellowknife,CA,2022-02-05 22:02:57,62.456,-114.3525,-8.72,86,20,8.05,few clouds,0.0,0.0
56,San Cristobal,VE,2022-02-05 22:04:26,7.7669,-72.225,73.58,85,84,2.55,broken clouds,0.0,0.0
57,Namatanai,PG,2022-02-05 22:03:16,-3.6667,152.4333,83.26,70,66,10.2,broken clouds,0.0,0.0
58,Leningradskiy,RU,2022-02-05 22:02:59,69.3833,178.4167,-22.02,96,8,3.74,clear sky,0.0,0.0
59,Cayenne,GF,2022-02-05 22:03:54,4.9333,-52.3333,81.09,85,75,5.01,broken clouds,0.0,0.0
60,Barrow,US,2022-02-05 22:02:07,71.2906,-156.7887,-18.38,69,0,12.66,clear sky,0.0,0.0
61,Kamenka,RU,2022-02-05 22:04:18,51.3223,42.7678,-2.83,100,72,6.55,broken clouds,0.0,0.0
62,Palmer,US,2022-02-05 22:05:39,42.1584,-72.3287,22.55,57,20,3.0,few clouds,0.0,0.0
63,Bethel,US,2022-02-05 22:04:45,41.3712,-73.414,25.48,71,0,1.01,clear sky,0.0,0.0
64,Yerbogachen,RU,2022-02-05 22:02:02,61.2767,108.0108,10.08,97,100,3.71,light snow,0.0,0.18
65,Chuy,UY,2022-02-05 22:01:45,-33.6971,-53.4616,70.03,84,65,9.33,broken clouds,0.0,0.0
66,Nemuro,JP,2022-02-05 22:04:41,43.3236,145.575,22.69,73,90,17.72,overcast clouds,0.0,0.0
67,Hermanus,ZA,2022-02-05 22:01:58,-34.4187,19.2345,72.9,83,26,14.67,scattered clouds,0.0,0.0
68,Jamestown,US,2022-02-05 22:01:08,42.097,-79.2353,19.29,90,99,2.77,overcast clouds,0.0,0.0
69,Port Elizabeth,ZA,2022-02-05 22:00:15,-33.918,25.5701,70.11,81,47,21.83,scattered clouds,0.0,0.0
70,Fortuna,US,2022-02-05 22:03:33,40.5982,-124.1573,61.86,61,0,4.0,clear sky,0.0,0.0
71,Semirom,IR,2022-02-05 22:03:05,31.4167,51.5667,18.64,91,13,1.74,few clouds,0.0,0.0
72,Touros,BR,2022-02-05 22:04:27,-5.1989,-35.4608,81.5,69,10,13.31,clear sky,0.0,0.0
73,Harper Woods,US,2022-02-05 22:05:41,42.4331,-82.9241,21.61,80,100,12.66,overcast clouds,0.0,0.0
74,Hopewell,US,2022-02-05 22:05:41,37.3043,-77.2872,38.71,40,5,8.28,clear sky,0.0,0.0
75,Iqaluit,CA,2022-02-05 22:03:55,63.7506,-68.5145,-35.36,99,96,3.29,overcast clouds,0.0,0.0
76,Kapaa,US,2022-02-05 22:01:46,22.0752,-159.319,80.11,66,0,1.99,clear sky,0.0,0.0
77,Colon,PA,2022-02-05 22:05:42,9.3592,-79.9014,89.24,67,3,10.98,clear sky,0.0,0.0
78,Lorengau,PG,2022-02-05 22:02:00,-2.0226,147.2712,82.44,73,81,6.76,broken clouds,0.0,0.0
79,Bluff,NZ,2022-02-05 22:02:05,-46.6,168.3333,51.57,65,62,12.5,broken clouds,0.0,0.0
80,Yulara,AU,2022-02-05 22:01:17,-25.2406,130.9889,69.01,40,0,7.11,clear sky,0.0,0.0
81,Hirara,JP,2022-02-05 22:05:43,24.8,125.2833,59.27,67,75,18.41,broken clouds,0.0,0.0
82,Cherskiy,RU,2022-02-05 22:02:37,68.75,161.3,-32.85,97,17,1.52,few clouds,0.0,0.0
83,Quatre Cocos,MU,2022-02-05 22:04:42,-20.2078,57.7625,79.09,82,100,17.4,moderate rain,1.27,0.0
84,Yumen,CN,2022-02-05 22:05:44,40.2833,97.2,15.31,39,100,13.04,overcast clouds,0.0,0.0
85,Pitimbu,BR,2022-02-05 22:05:44,-7.4706,-34.8086,79.39,68,40,11.59,scattered clouds,0.0,0.0
86,Kodinsk,RU,2022-02-05 22:05:44,58.6881,99.1844,17.17,91,100,10.31,overcast clouds,0.0,0.0
87,Maarianhamina,AX,2022-02-05 22:05:45,60.0973,19.9348,33.66,86,0,5.75,clear sky,0.0,0.0
88,Cabo San Lucas,MX,2022-02-05 22:02:06,22.8909,-109.9124,75.51,61,20,5.01,few clouds,0.0,0.0
89,Peleduy,RU,2022-02-05 22:05:45,59.6289,112.7406,8.28,96,100,4.9,light snow,0.0,0.13
90,Beira,MZ,2022-02-05 22:05:46,-19.8436,34.8389,80.51,71,34,15.75,scattered clouds,0.0,0.0
91,Lakes Entrance,AU,2022-02-05 22:02:36,-37.8811,147.981,66.16,67,20,7.14,few clouds,0.0,0.0
92,Beidao,CN,2022-02-05 22:05:46,34.5686,105.8933,24.21,83,100,3.94,light snow,0.0,0.1
93,Narsaq,GL,2022-02-05 22:02:31,60.9167,-46.05,1.62,71,42,7.45,scattered clouds,0.0,0.0
94,Tomatlan,MX,2022-02-05 22:05:47,19.9333,-105.25,83.19,44,47,7.58,scattered clouds,0.0,0.0
95,Xichang,CN,2022-02-05 22:05:47,27.8964,102.2634,42.85,91,99,0.94,overcast clouds,0.0,0.0
96,Tynda,RU,2022-02-05 22:05:48,55.1667,124.7167,-10.43,93,100,4.27,overcast clouds,0.0,0.0
97,Kahului,US,2022-02-05 21:57:57,20.8947,-156.47,78.84,80,10,13.0,clear sky,0.0,0.0
98,Te Anau,NZ,2022-02-05 22:05:48,-45.4167,167.7167,56.73,56,13,4.05,few clouds,0.0,0.0
99,Pevek,RU,2022-02-05 22:02:39,69.7008,170.3133,-27.63,99,34,2.24,scattered clouds,0.0,0.0
100,Bac Lieu,VN,2022-02-05 22:05:49,9.285,105.7244,75.56,75,87,10.25,overcast clouds,0.0,0.0
101,Varnamo,SE,2022-02-05 22:05:33,57.186,14.04,39.76,97,100,16.96,overcast clouds,0.0,0.0
102,Pisco,PE,2022-02-05 22:03:30,-13.7,-76.2167,74.01,83,0,8.05,clear sky,0.0,0.0
103,East London,ZA,2022-02-05 22:00:33,-33.0153,27.9116,69.35,88,100,16.53,light rain,0.34,0.0
104,Saskylakh,RU,2022-02-05 22:03:46,71.9167,114.0833,-27.76,100,99,3.31,overcast clouds,0.0,0.0
105,Hobart,AU,2022-02-05 22:00:03,-42.8794,147.3294,63.01,75,75,5.75,broken clouds,0.0,0.0
106,Sheridan,US,2022-02-05 22:05:50,44.8333,-106.9173,42.98,39,45,7.0,scattered clouds,0.0,0.0
107,Nuristan,AF,2022-02-05 22:05:50,35.3,70.8333,15.17,94,100,2.17,snow,0.0,0.85
108,Talnakh,RU,2022-02-05 22:02:47,69.4865,88.3972,-17.84,100,99,2.71,overcast clouds,0.0,0.0
109,Port Alfred,ZA,2022-02-05 22:02:03,-33.5906,26.891,70.68,83,87,26.22,overcast clouds,0.0,0.0
110,Lukang,TW,2022-02-05 22:05:51,24.0567,120.4352,60.44,84,13,14.32,few clouds,0.0,0.0
111,Hasaki,JP,2022-02-05 22:02:45,35.7333,140.8333,19.8,44,18,12.91,few clouds,0.0,0.0
112,Solnechnyy,RU,2022-02-05 22:05:51,50.7214,136.6319,1.96,98,100,0.51,light snow,0.0,0.12
113,Khatanga,RU,2022-02-05 22:02:47,71.9667,102.5,-24.05,96,99,3.36,overcast clouds,0.0,0.0
114,Salalah,OM,2022-02-05 21:58:02,17.0151,54.0924,70.21,77,8,5.14,clear sky,0.0,0.0
115,Karratha,AU,2022-02-05 22:02:54,-20.7377,116.8463,83.61,74,74,7.67,broken clouds,0.0,0.0
116,Richards Bay,ZA,2022-02-05 22:03:43,-28.783,32.0377,72.14,86,100,8.05,light rain,0.45,0.0
117,Ancud,CL,2022-02-05 22:02:49,-41.8697,-73.8203,70.23,63,15,4.76,few clouds,0.0,0.0
118,Honningsvag,NO,2022-02-05 22:04:36,70.9821,25.9704,28.15,74,75,28.77,broken clouds,0.0,0.0
119,Santa Cruz,BO,2022-02-05 22:05:52,-17.8,-63.1667,71.65,94,100,9.22,moderate rain,2.73,0.0
120,Cidreira,BR,2022-02-05 22:02:34,-30.1811,-50.2056,74.91,89,100,3.87,overcast clouds,0.0,0.0
121,Sitka,US,2022-02-05 22:02:13,57.0531,-135.33,44.49,65,100,20.71,light rain,0.0,0.0
122,Benjamin Hill,MX,2022-02-05 22:05:53,30.1667,-111.1,67.62,15,0,3.11,clear sky,0.0,0.0
123,Castro,BR,2022-02-05 21:57:53,-24.7911,-50.0119,67.98,96,68,9.35,moderate rain,2.9,0.0
124,Dalvik,IS,2022-02-05 22:05:54,65.9702,-18.5286,28.69,95,100,28.03,snow,0.0,1.44
125,San Jose,US,2022-02-05 22:02:09,37.3394,-121.895,67.53,40,100,1.99,overcast clouds,0.0,0.0
126,Mwense,ZM,2022-02-05 22:03:13,-10.3845,28.698,65.17,97,100,1.1,light rain,0.36,0.0
127,Zyryanka,RU,2022-02-05 22:05:54,65.75,150.85,-41.01,100,52,2.57,broken clouds,0.0,0.0
128,Torbay,CA,2022-02-05 22:01:47,47.6666,-52.7314,50.4,94,100,5.99,light rain,0.77,0.0
129,Sibolga,ID,2022-02-05 22:05:55,1.7427,98.7792,75.09,91,100,2.57,overcast clouds,0.0,0.0
130,Plaza De Caisan,PA,2022-02-05 22:05:55,8.7333,-82.8167,77.95,65,7,5.1,clear sky,0.0,0.0
131,Laguna,US,2022-02-05 22:02:08,38.421,-121.4238,68.65,46,0,1.01,clear sky,0.0,0.0
132,Sydney,AU,2022-02-05 22:02:14,-33.8679,151.2073,73.35,60,20,7.0,few clouds,0.0,0.0
133,Umm Lajj,SA,2022-02-05 22:04:23,25.0213,37.2685,62.98,59,0,14.09,clear sky,0.0,0.0
134,Adre,TD,2022-02-05 22:05:56,13.4667,22.2,61.09,18,10,17.05,clear sky,0.0,0.0
135,Vysokogornyy,RU,2022-02-05 22:04:53,50.1167,139.15,-8.9,99,100,4.32,overcast clouds,0.0,0.0
136,Tuatapere,NZ,2022-02-05 22:03:44,-46.1333,167.6833,51.28,78,99,3.4,overcast clouds,0.0,0.0
137,Sola,VU,2022-02-05 22:05:57,-13.8833,167.55,82.29,78,99,19.22,overcast clouds,0.0,0.0
138,Seoul,KR,2022-02-05 22:05:57,37.5683,126.9778,22.44,62,16,2.24,few clouds,0.0,0.0
139,Iskateley,RU,2022-02-05 22:05:58,67.6803,53.1512,-0.13,95,96,11.74,overcast clouds,0.0,0.0
140,Roald,NO,2022-02-05 22:05:58,62.5833,6.1333,37.9,87,75,24.16,light rain,0.15,0.0
141,Saint Anthony,US,2022-02-05 22:03:45,45.0205,-93.218,24.89,62,0,5.99,clear sky,0.0,0.0
142,Ormond Beach,US,2022-02-05 22:05:58,29.2858,-81.0559,56.07,86,100,10.36,mist,0.0,0.0
143,Nanortalik,GL,2022-02-05 22:02:17,60.1432,-45.2371,9.68,59,75,14.05,broken clouds,0.0,0.0
144,Sinazongwe,ZM,2022-02-05 22:05:59,-17.2614,27.4618,71.94,91,100,6.71,light rain,0.31,0.0
145,Kaeo,NZ,2022-02-05 22:06:00,-35.1,173.7833,76.32,96,87,7.31,overcast clouds,0.0,0.0
146,Avarua,CK,2022-02-05 22:02:11,-21.2078,-159.775,78.85,89,75,18.41,light rain,0.0,0.0
147,Vao,NC,2022-02-05 22:03:31,-22.6667,167.4833,80.08,86,34,11.99,scattered clouds,0.0,0.0
148,Ayan,RU,2022-02-05 22:06:00,56.45,138.1667,-9.42,77,21,13.35,few clouds,0.0,0.0
149,Rocha,UY,2022-02-05 21:57:30,-34.4833,-54.3333,67.62,78,33,12.12,scattered clouds,0.0,0.0
150,Kokopo,PG,2022-02-05 22:06:01,-4.352,152.2633,80.29,71,88,3.38,overcast clouds,0.0,0.0
151,Kavaratti,IN,2022-02-05 22:03:57,10.5669,72.642,78.08,63,15,8.9,few clouds,0.0,0.0
152,Asau,RO,2022-02-05 22:03:18,46.4333,26.4,33.4,96,88,3.42,overcast clouds,0.0,0.0
153,Todos Santos,MX,2022-02-05 22:06:01,23.45,-110.2167,75.0,50,7,4.07,clear sky,0.0,0.0
154,Kalanguy,RU,2022-02-05 22:06:02,51.0167,116.5167,-11.97,99,84,3.74,broken clouds,0.0,0.0
155,Thompson,CA,2022-02-05 22:02:04,55.7435,-97.8558,-7.47,86,100,4.74,overcast clouds,0.0,0.0
156,Hue,VN,2022-02-05 22:06:02,16.4667,107.6,62.71,94,75,5.75,broken clouds,0.0,0.0
157,Ascension,US,2022-02-05 22:06:03,30.2169,-90.9001,54.1,38,0,8.05,clear sky,0.0,0.0
158,Lazaro Cardenas,MX,2022-02-05 21:59:14,17.9583,-102.2,81.21,58,0,9.33,clear sky,0.0,0.0
159,Dharchula,IN,2022-02-05 22:06:03,29.85,80.5333,41.16,43,0,7.63,clear sky,0.0,0.0
160,Port Keats,AU,2022-02-05 22:06:04,-14.25,129.55,77.61,87,97,5.75,overcast clouds,0.0,0.0
161,Sidney,AU,2022-02-05 22:05:04,-33.8679,151.2073,73.35,60,20,7.0,few clouds,0.0,0.0
162,Tucuma,BR,2022-02-05 22:06:04,-0.1833,-50.05,76.37,92,92,7.54,overcast clouds,0.0,0.0
163,San Patricio,US,2022-02-05 22:01:49,28.017,-97.5169,56.17,28,0,4.85,clear sky,0.0,0.0
164,Merauke,ID,2022-02-05 22:06:05,-8.4667,140.3333,78.53,91,100,9.91,overcast clouds,0.0,0.0
165,Beringovskiy,RU,2022-02-05 22:03:42,63.05,179.3167,-10.55,93,54,13.78,broken clouds,0.0,0.0
166,Saint-Philippe,RE,2022-02-05 22:03:03,-21.3585,55.7679,80.19,84,100,19.01,light rain,0.2,0.0
167,Tiksi,RU,2022-02-05 22:04:16,71.6872,128.8694,-22.47,98,91,7.61,overcast clouds,0.0,0.0
168,Fort-Shevchenko,KZ,2022-02-05 22:06:06,44.5086,50.263,34.65,70,95,24.11,overcast clouds,0.0,0.0
169,Faanui,PF,2022-02-05 22:01:53,-16.4833,-151.75,81.68,72,13,19.51,few clouds,0.0,0.0
170,Sakakah,SA,2022-02-05 22:06:06,29.9697,40.2064,48.63,64,36,8.46,scattered clouds,0.0,0.0
171,Kamiiso,JP,2022-02-05 22:06:07,41.8167,140.65,7.18,92,40,4.61,light snow,0.0,0.1
172,Tefe,BR,2022-02-05 22:06:07,-3.3542,-64.7114,82.51,89,20,4.61,few clouds,0.0,0.0
173,Tocopilla,CL,2022-02-05 22:06:08,-22.092,-70.1979,71.49,65,20,8.59,few clouds,0.0,0.0
174,Lebu,CL,2022-02-05 22:03:06,-37.6167,-73.65,62.2,75,1,20.09,clear sky,0.0,0.0
175,Lata,PT,2022-02-05 22:06:08,40.1629,-8.3327,49.06,78,0,4.0,clear sky,0.0,0.0
176,Kodiak,US,2022-02-05 22:02:23,57.79,-152.4072,36.91,87,100,3.44,mist,0.25,0.0
177,Moramanga,MG,2022-02-05 22:06:09,-18.9333,48.2,69.76,75,100,14.12,overcast clouds,0.0,0.0
178,Kununurra,AU,2022-02-05 22:04:13,-15.7667,128.7333,76.98,100,75,2.3,broken clouds,0.0,0.0
179,Tautira,PF,2022-02-05 22:06:09,-17.7333,-149.15,86.02,74,27,19.55,scattered clouds,0.0,0.0
180,Najran,SA,2022-02-05 22:06:10,17.4924,44.1277,64.15,59,0,3.2,clear sky,0.0,0.0
181,Huarmey,PE,2022-02-05 22:06:10,-10.0681,-78.1522,75.25,73,12,11.88,few clouds,0.0,0.0
182,Vikevag,NO,2022-02-05 22:06:10,59.0976,5.6969,39.45,91,100,15.99,light rain,0.38,0.0
183,Clyde River,CA,2022-02-05 22:02:28,70.4692,-68.5914,-19.77,87,100,4.81,overcast clouds,0.0,0.0
184,Nikolskoye,RU,2022-02-05 22:02:40,59.7035,30.7861,24.71,95,100,8.19,snow,0.0,0.75
185,Bucerias,MX,2022-02-05 22:04:32,20.75,-105.3333,76.98,69,40,13.8,scattered clouds,0.0,0.0
186,Broome,US,2022-02-05 22:02:27,42.2506,-75.833,15.66,68,0,1.99,clear sky,0.0,0.0
187,Ponta Do Sol,PT,2022-02-05 22:02:22,32.6667,-17.1,66.83,59,4,11.32,clear sky,0.0,0.0
188,Lypova Dolyna,UA,2022-02-05 22:06:12,50.5643,33.7979,29.21,97,100,11.34,light snow,0.0,0.22
189,Padang,ID,2022-02-05 22:05:02,-0.9492,100.3543,74.14,94,100,3.76,overcast clouds,0.0,0.0
190,Miram Shah,PK,2022-02-05 22:06:12,33.0086,70.0697,45.14,63,41,1.79,scattered clouds,0.0,0.0
191,Mitsamiouli,KM,2022-02-05 22:06:12,-11.3847,43.2844,81.82,75,98,10.25,overcast clouds,0.0,0.0
192,Oksfjord,NO,2022-02-05 22:03:53,70.2396,22.3479,30.27,86,71,15.14,broken clouds,0.0,0.0
193,Dawei,MM,2022-02-05 22:06:13,14.0833,98.2,70.68,90,60,4.27,broken clouds,0.0,0.0
194,Necochea,AR,2022-02-05 22:00:19,-38.5473,-58.7368,62.04,69,100,20.42,overcast clouds,0.0,0.0
195,Jalu,LY,2022-02-05 22:06:14,29.0331,21.5482,56.46,47,0,5.53,clear sky,0.0,0.0
196,Bathsheba,BB,2022-02-05 22:03:43,13.2167,-59.5167,79.41,69,20,10.36,few clouds,0.0,0.0
197,Singapore,SG,2022-02-05 22:05:38,1.2897,103.8501,78.66,92,100,4.61,moderate rain,3.65,0.0
198,Troitskoye,RU,2022-02-05 22:06:15,52.9821,84.6757,0.88,97,45,4.36,scattered clouds,0.0,0.0
199,Russkiy Kameshkir,RU,2022-02-05 22:06:15,52.8589,46.0892,3.97,100,95,5.53,overcast clouds,0.0,0.0
200,Zeya,RU,2022-02-05 22:03:44,53.75,127.2667,-4.72,86,97,4.07,overcast clouds,0.0,0.0
201,Ornskoldsvik,SE,2022-02-05 22:06:15,63.2909,18.7153,6.62,92,53,3.44,broken clouds,0.0,0.0
202,Hammerfest,NO,2022-02-05 22:06:16,70.6634,23.6821,28.85,80,20,14.97,few clouds,0.0,0.0
203,Coquimbo,CL,2022-02-05 22:04:20,-29.9533,-71.3436,65.93,77,75,11.5,broken clouds,0.0,0.0
204,Tilichiki,RU,2022-02-05 22:04:51,60.4667,166.1,-6.95,77,19,8.41,few clouds,0.0,0.0
205,La Orilla,MX,2022-02-05 22:06:17,17.9833,-102.2333,81.14,57,0,9.46,clear sky,0.0,0.0
206,Goderich,CA,2022-02-05 22:01:28,43.7501,-81.7165,17.91,80,98,8.93,overcast clouds,0.0,0.0
207,Geraldton,AU,2022-02-05 22:01:47,-28.7667,114.6,73.81,88,100,5.75,overcast clouds,0.0,0.0
208,Kathmandu,NP,2022-02-05 22:02:23,27.7167,85.3167,41.22,100,20,2.3,mist,0.0,0.0
209,North Bend,US,2022-02-05 22:06:18,43.4065,-124.2243,60.24,80,0,9.22,clear sky,0.0,0.0
210,Tawau,MY,2022-02-05 22:05:40,4.2498,117.8871,77.18,84,100,4.43,overcast clouds,0.0,0.0
211,Victoria,HK,2022-02-05 22:03:23,22.2855,114.1577,60.24,83,100,1.01,overcast clouds,0.0,0.0
212,Forbes,AU,2022-02-05 22:06:18,-33.3833,148.0167,71.92,56,0,12.19,clear sky,0.0,0.0
213,Buala,SB,2022-02-05 22:06:19,-8.145,159.5921,83.64,79,96,7.52,overcast clouds,0.0,0.0
214,Fairbanks,US,2022-02-05 22:04:38,64.8378,-147.7164,15.82,78,100,0.0,overcast clouds,0.0,0.0
215,Saint-Augustin,CA,2022-02-05 22:02:29,51.226,-58.6502,3.78,94,100,18.1,light snow,0.0,0.22
216,Ekibastuz,KZ,2022-02-05 22:05:04,51.6667,75.3667,9.37,72,1,11.7,clear sky,0.0,0.0
217,Sambava,MG,2022-02-05 22:06:20,-14.2667,50.1667,75.49,89,100,4.41,light rain,0.2,0.0
218,Nhulunbuy,AU,2022-02-05 22:06:20,-12.2333,136.7667,77.61,88,76,3.44,broken clouds,0.0,0.0
219,Tura,IN,2022-02-05 22:06:21,25.5198,90.2201,48.42,92,0,2.33,clear sky,0.0,0.0
220,Naze,JP,2022-02-05 22:06:21,28.3667,129.4833,47.32,68,100,17.16,overcast clouds,0.0,0.0
221,Jasper,US,2022-02-05 22:06:22,37.2001,-94.3502,42.35,42,0,13.8,clear sky,0.0,0.0
222,Kisangani,CD,2022-02-05 22:06:22,0.5167,25.2,70.9,77,100,2.82,overcast clouds,0.0,0.0
223,Souillac,MU,2022-02-05 22:04:28,-20.5167,57.5167,79.36,84,100,15.23,light rain,0.18,0.0
224,Waitati,NZ,2022-02-05 22:06:23,-45.75,170.5667,53.8,81,19,9.62,few clouds,0.0,0.0
225,Klaksvik,FO,2022-02-05 22:06:23,62.2266,-6.589,32.92,81,78,23.02,light snow,0.0,0.31
226,Husavik,IS,2022-02-05 22:01:45,66.0449,-17.3389,29.37,96,100,31.56,snow,0.0,1.31
227,Golfito,CR,2022-02-05 22:06:24,8.639,-83.166,82.81,67,29,5.55,scattered clouds,0.0,0.0
228,Bredasdorp,ZA,2022-02-05 22:06:24,-34.5322,20.0403,68.29,86,87,14.45,overcast clouds,0.0,0.0
229,Yaring,TH,2022-02-05 22:06:24,6.8662,101.3689,77.05,82,81,12.3,broken clouds,0.0,0.0
230,Codrington,AU,2022-02-05 22:03:02,-38.2667,141.9667,63.64,66,52,11.77,broken clouds,0.0,0.0
231,Ukiah,US,2022-02-05 22:05:44,39.1502,-123.2078,72.12,35,0,0.0,clear sky,0.0,0.0
232,Arraial Do Cabo,BR,2022-02-05 22:02:27,-22.9661,-42.0278,77.81,83,56,25.55,broken clouds,0.0,0.0
233,Hamilton,US,2022-02-05 22:04:33,39.1834,-84.5333,26.26,74,75,3.0,broken clouds,0.0,0.0
234,Shieli,KZ,2022-02-05 22:06:26,44.1667,66.75,36.9,59,100,12.88,overcast clouds,0.0,0.0
235,Upernavik,GL,2022-02-05 22:02:21,72.7868,-56.1549,-4.14,99,100,2.8,overcast clouds,0.0,0.0
236,Scarborough,GB,2022-02-05 22:03:39,54.2797,-0.4044,47.77,87,100,3.0,heavy intensity rain,5.46,0.0
237,Joao Pinheiro,BR,2022-02-05 22:06:26,-17.7425,-46.1725,73.18,84,100,2.75,overcast clouds,0.0,0.0
238,Aksarka,RU,2022-02-05 22:06:27,66.5606,67.7975,-20.25,100,64,3.56,broken clouds,0.0,0.0
239,Santa Cruz Del Quiche,GT,2022-02-05 22:06:27,15.0306,-91.1489,66.9,73,85,6.24,overcast clouds,0.0,0.0
240,Kaitangata,NZ,2022-02-05 22:03:51,-46.2817,169.8464,54.93,60,95,5.86,overcast clouds,0.0,0.0
241,Kampot,KH,2022-02-05 22:03:56,10.6167,104.1833,78.85,71,30,7.16,scattered clouds,0.0,0.0
242,Baker City,US,2022-02-05 22:03:35,44.7749,-117.8344,43.12,90,73,2.15,broken clouds,0.0,0.0
243,Urengoy,RU,2022-02-05 22:06:28,65.9667,78.3667,-18.4,100,95,4.21,overcast clouds,0.0,0.0
244,Praia Da Vitoria,PT,2022-02-05 22:06:28,38.7333,-27.0667,57.76,87,40,15.82,scattered clouds,0.0,0.0
245,Winnemucca,US,2022-02-05 22:06:29,40.973,-117.7357,51.85,28,0,5.75,clear sky,0.0,0.0
246,Fukue,JP,2022-02-05 22:06:29,32.6881,128.8419,42.12,60,100,26.37,overcast clouds,0.0,0.0
247,Nuevo San Juan Parangaricutiro,MX,2022-02-05 22:06:29,19.4,-102.1333,68.18,43,0,6.91,clear sky,0.0,0.0
248,Eldorado,BR,2022-02-05 22:06:30,-23.7869,-54.2836,70.27,95,100,6.15,overcast clouds,0.0,0.0
249,Puerto El Triunfo,SV,2022-02-05 22:06:30,13.2833,-88.55,86.16,58,8,9.91,clear sky,0.0,0.0
250,Zharkent,KZ,2022-02-05 22:06:31,44.1628,80.0,27.12,35,0,3.04,clear sky,0.0,0.0
251,Prieska,ZA,2022-02-05 22:06:31,-29.6641,22.7474,79.47,30,5,5.5,clear sky,0.0,0.0
252,Terenos,BR,2022-02-05 22:06:31,-20.4422,-54.8603,76.71,78,75,10.36,moderate rain,2.49,0.0
253,Tarija,BO,2022-02-05 22:06:32,-21.5355,-64.7296,63.1,84,95,6.51,overcast clouds,0.0,0.0
254,Port Macquarie,AU,2022-02-05 22:05:18,-31.4333,152.9167,66.88,74,96,14.94,overcast clouds,0.0,0.0
255,Mabopane,ZA,2022-02-05 22:06:32,-25.4977,28.1007,66.45,64,99,17.76,overcast clouds,0.0,0.0
256,Kulevcha,UA,2022-02-05 22:06:33,46.0303,29.9361,35.02,97,98,12.19,snow,0.0,0.64
257,Lumphat,KH,2022-02-05 22:06:33,13.4878,106.9816,70.48,71,54,7.29,broken clouds,0.0,0.0
258,Cabedelo,BR,2022-02-05 22:01:00,-6.9811,-34.8339,80.02,69,23,11.59,few clouds,0.0,0.0
259,Waddan,LY,2022-02-05 22:06:34,29.1614,16.139,56.43,24,0,5.19,clear sky,0.0,0.0
260,Canberra,AU,2022-02-05 22:05:33,-35.2835,149.1281,62.28,72,75,10.36,broken clouds,0.0,0.0
261,Lompoc,US,2022-02-05 22:00:34,34.6391,-120.4579,76.01,29,50,7.0,scattered clouds,0.0,0.0
262,San Clemente,US,2022-02-05 22:06:34,33.427,-117.612,76.82,31,3,1.99,clear sky,0.0,0.0
263,Skjervoy,NO,2022-02-05 22:06:35,70.0311,20.9714,31.46,66,95,21.59,overcast clouds,0.0,0.0
264,Egvekinot,RU,2022-02-05 22:03:42,66.3167,-179.1667,-9.54,86,10,12.46,clear sky,0.0,0.0
265,Murray Bridge,AU,2022-02-05 22:06:35,-35.1167,139.2667,78.49,36,85,10.47,overcast clouds,0.0,0.0
266,Skjold,DK,2022-02-05 22:06:35,55.7971,9.9397,44.55,90,100,25.41,light rain,0.8,0.0
267,Verkhnyaya Inta,RU,2022-02-05 22:06:36,65.9811,60.3094,-11.13,94,10,4.09,clear sky,0.0,0.0
268,Manbij,SY,2022-02-05 22:06:36,36.5281,37.9549,36.37,75,31,5.99,scattered clouds,0.0,0.0
269,Saldanha,ZA,2022-02-05 22:02:32,-33.0117,17.9442,67.42,75,34,4.14,scattered clouds,0.0,0.0
270,Oranjemund,NA,2022-02-05 22:03:49,-28.55,16.4333,66.45,82,77,6.33,broken clouds,0.0,0.0
271,Calvinia,ZA,2022-02-05 22:06:37,-31.4707,19.776,78.57,33,7,2.44,clear sky,0.0,0.0
272,Ribeira Grande,PT,2022-02-05 22:02:10,38.5167,-28.7,60.33,76,28,11.23,scattered clouds,0.0,0.0
273,Tartus,SY,2022-02-05 22:06:37,34.889,35.8866,50.49,67,34,5.97,scattered clouds,0.0,0.0
274,Mahebourg,MU,2022-02-05 22:01:59,-20.4081,57.7,79.25,82,100,18.14,light rain,0.87,0.0
275,Charters Towers,AU,2022-02-05 22:04:24,-20.1,146.2667,74.75,67,1,11.25,clear sky,0.0,0.0
276,Golden,US,2022-02-05 22:01:44,39.7555,-105.2211,48.97,31,7,21.99,clear sky,0.0,0.0
277,Acarau,BR,2022-02-05 22:03:04,-2.8856,-40.12,79.56,79,19,11.61,few clouds,0.0,0.0
278,Mount Gambier,AU,2022-02-05 22:04:14,-37.8333,140.7667,65.77,55,62,7.43,broken clouds,0.0,0.0
279,Trapani,IT,2022-02-05 22:06:38,37.8333,12.6667,53.28,90,95,2.62,overcast clouds,0.0,0.0
280,Inuvik,CA,2022-02-05 22:04:05,68.3499,-133.7218,-37.17,98,32,1.16,scattered clouds,0.0,0.0
281,Marsh Harbour,BS,2022-02-05 22:06:39,26.5412,-77.0636,74.07,59,0,6.93,clear sky,0.0,0.0
282,Juarez,MX,2022-02-05 22:06:39,31.7333,-106.4833,48.18,28,0,1.99,clear sky,0.0,0.0
283,Touba,CI,2022-02-05 22:06:40,8.2833,-7.6833,78.1,15,7,2.73,clear sky,0.0,0.0
284,Banjar,ID,2022-02-05 22:06:40,-8.19,114.9675,80.46,88,96,2.93,overcast clouds,0.0,0.0
285,Carballo,ES,2022-02-05 22:06:40,43.213,-8.691,49.01,85,3,4.92,clear sky,0.0,0.0
286,Bosaso,SO,2022-02-05 22:06:41,11.2842,49.1816,72.41,69,78,2.55,broken clouds,0.0,0.0
287,Saint George,US,2022-02-05 22:01:20,37.1041,-113.5841,61.27,17,0,1.99,clear sky,0.0,0.0
288,Himatnagar,IN,2022-02-05 22:06:42,23.6,72.95,59.81,38,0,4.99,clear sky,0.0,0.0
289,Esperance,AU,2022-02-05 22:03:36,-33.8667,121.9,66.27,68,5,17.65,clear sky,0.0,0.0
290,Verkhoshizhemye,RU,2022-02-05 22:06:42,58.011,49.1038,22.03,97,100,5.26,overcast clouds,0.0,0.0
291,Peniche,PT,2022-02-05 22:06:43,39.3558,-9.3811,55.62,83,0,14.58,clear sky,0.0,0.0
292,West Wendover,US,2022-02-05 22:06:43,40.7391,-114.0733,44.98,30,1,1.23,clear sky,0.0,0.0
293,San Pedro,PH,2022-02-05 22:04:59,14.35,121.0167,77.36,72,99,13.87,overcast clouds,0.0,0.0
294,Menomonie,US,2022-02-05 22:06:43,44.8755,-91.9193,23.04,46,89,17.27,overcast clouds,0.0,0.0
295,Kailua,US,2022-02-05 22:06:44,21.4022,-157.7394,80.58,71,15,3.0,few clouds,0.0,0.0
296,Mount Isa,AU,2022-02-05 22:02:08,-20.7333,139.5,76.77,41,0,6.91,clear sky,0.0,0.0
297,Shizunai,JP,2022-02-05 22:06:44,42.3339,142.3669,22.5,84,83,5.91,broken clouds,0.0,0.0
298,Broken Hill,AU,2022-02-05 22:05:04,-31.95,141.4333,70.47,40,3,18.77,clear sky,0.0,0.0
299,Dudinka,RU,2022-02-05 22:02:45,69.4058,86.1778,-20.94,100,94,2.84,overcast clouds,0.0,0.0
300,Pueblo Bello,CO,2022-02-05 22:06:45,8.2041,-76.526,78.71,76,6,6.55,clear sky,0.0,0.0
301,Severo-Kurilsk,RU,2022-02-05 22:01:54,50.6789,156.125,28.36,82,99,7.9,overcast clouds,0.0,0.0
302,Nakhon Si Thammarat,TH,2022-02-05 22:06:46,8.25,100.0,79.05,93,77,2.44,broken clouds,0.0,0.0
303,Samarai,PG,2022-02-05 22:04:21,-10.6167,150.6667,81.41,78,100,7.16,overcast clouds,0.0,0.0
304,Paamiut,GL,2022-02-05 22:06:46,61.994,-49.6678,-4.04,86,77,10.51,broken clouds,0.0,0.0
305,Port Blair,IN,2022-02-05 22:01:55,11.6667,92.75,78.4,81,69,6.17,broken clouds,0.0,0.0
306,Asosa,ET,2022-02-05 22:06:47,10.0667,34.5333,61.95,32,26,5.57,scattered clouds,0.0,0.0
307,Along,IN,2022-02-05 22:06:47,28.1667,94.7667,44.91,97,53,1.66,broken clouds,0.0,0.0
308,Auki,SB,2022-02-05 22:04:14,-8.7676,160.7034,82.89,81,88,5.73,overcast clouds,0.0,0.0
309,Meadow Lake,US,2022-02-05 22:00:23,34.8014,-106.5436,42.49,40,0,3.89,clear sky,0.0,0.0
310,Qasigiannguit,GL,2022-02-05 22:01:51,68.8193,-51.1922,-3.08,80,100,6.22,overcast clouds,0.0,0.0
311,Ust-Barguzin,RU,2022-02-05 22:06:48,53.45,108.9833,5.5,97,100,4.47,light snow,0.0,0.18
312,Isangel,VU,2022-02-05 22:03:22,-19.55,169.2667,82.51,89,75,9.22,broken clouds,0.0,0.0
313,Chicama,PE,2022-02-05 22:06:49,-7.8447,-79.1469,66.74,63,11,10.27,few clouds,0.0,0.0
314,Vila Velha,BR,2022-02-05 22:01:07,-20.3297,-40.2925,77.95,87,47,8.01,scattered clouds,0.0,0.0
315,Kayes,ML,2022-02-05 22:06:49,14.0,-11.0,82.27,8,0,6.17,clear sky,0.0,0.0
316,Kaputa,ZM,2022-02-05 22:06:49,-8.4689,29.6619,66.58,89,96,3.89,overcast clouds,0.0,0.0
317,Derzhavinsk,KZ,2022-02-05 22:02:31,51.1,66.3167,13.46,76,100,14.47,overcast clouds,0.0,0.0
318,Makaleng,BW,2022-02-05 22:06:50,-20.9,27.2833,70.3,58,19,13.67,few clouds,0.0,0.0
319,Sao Felix Do Xingu,BR,2022-02-05 22:06:50,-6.6447,-51.995,77.11,87,97,2.26,overcast clouds,0.0,0.0
320,Northam,GB,2022-02-05 22:04:15,51.0333,-4.2167,51.35,90,100,30.65,overcast clouds,0.0,0.0
321,Mont-De-Marsan,FR,2022-02-05 22:03:17,44.0,-0.6667,41.79,97,0,0.0,clear sky,0.0,0.0
322,Santa Marta,CO,2022-02-05 22:03:00,11.2408,-74.199,89.35,62,7,15.01,clear sky,0.0,0.0
323,Mango,US,2022-02-05 22:06:51,27.9797,-82.3065,62.98,83,100,5.75,overcast clouds,0.0,0.0
324,Carnarvon,AU,2022-02-05 22:01:56,-24.8667,113.6333,77.07,88,75,9.22,broken clouds,0.0,0.0
325,Fonte Boa,BR,2022-02-05 22:06:51,-2.4959,-66.2662,76.15,91,100,0.94,overcast clouds,0.0,0.0
326,Shirokiy,RU,2022-02-05 22:06:52,49.758,129.523,-23.71,100,95,3.4,overcast clouds,0.0,0.0
327,Luwuk,ID,2022-02-05 22:06:52,-0.9516,122.7875,76.89,85,100,2.71,overcast clouds,0.0,0.0
328,Sokolo,ML,2022-02-05 22:06:53,14.7328,-6.1219,75.06,11,0,10.33,clear sky,0.0,0.0
329,Keetmanshoop,NA,2022-02-05 22:06:53,-26.5833,18.1333,85.75,26,10,13.49,clear sky,0.0,0.0
330,Lasa,IT,2022-02-05 22:02:59,46.6166,10.7002,34.02,46,3,3.31,clear sky,0.0,0.0
331,Roebourne,AU,2022-02-05 22:06:54,-20.7833,117.1333,83.34,76,64,6.71,broken clouds,0.0,0.0
332,San Isidro,PE,2022-02-05 22:06:54,-12.1167,-77.05,73.51,82,0,1.01,clear sky,0.0,0.0
333,Ca Mau,VN,2022-02-05 22:06:55,9.1769,105.15,74.68,73,60,6.22,broken clouds,0.0,0.0
334,Imeni Poliny Osipenko,RU,2022-02-05 22:06:55,52.4201,136.4853,-0.2,92,100,4.9,overcast clouds,0.0,0.0
335,Soe,ID,2022-02-05 22:06:55,-9.8607,124.284,66.24,93,49,3.49,scattered clouds,0.0,0.0
336,Aklavik,CA,2022-02-05 22:05:04,68.2191,-135.0107,-32.98,90,14,0.47,few clouds,0.0,0.0
337,Haines Junction,CA,2022-02-05 22:03:56,60.7522,-137.5108,30.72,92,100,5.44,overcast clouds,0.0,0.0
338,Zachary,US,2022-02-05 22:05:42,30.6485,-91.1565,53.78,47,0,6.91,clear sky,0.0,0.0
339,Carutapera,BR,2022-02-05 22:06:56,-1.195,-46.02,75.49,94,100,7.09,overcast clouds,0.0,0.0
340,Morros,BR,2022-02-05 22:06:57,-9.4467,-46.3003,79.11,67,67,2.33,broken clouds,0.0,0.0
341,Yasnyy,RU,2022-02-05 22:06:57,51.0333,59.8742,17.8,94,100,8.46,overcast clouds,0.0,0.0
342,Kenora,CA,2022-02-05 22:06:58,49.8167,-94.4337,8.58,71,100,8.01,overcast clouds,0.0,0.0
343,Bonthe,SL,2022-02-05 22:06:58,7.5264,-12.505,77.52,84,42,7.47,scattered clouds,0.0,0.0
344,Zaysan,KZ,2022-02-05 22:02:43,47.4667,84.8667,6.46,66,0,6.78,clear sky,0.0,0.0
345,Taybad,IR,2022-02-05 22:06:59,34.74,60.7756,44.29,69,53,5.12,broken clouds,0.0,0.0
346,Batagay,RU,2022-02-05 22:06:59,67.6333,134.6333,-41.33,99,100,1.05,overcast clouds,0.0,0.0
347,Kalaleh,IR,2022-02-05 22:06:59,37.3807,55.4916,43.65,93,100,4.85,overcast clouds,0.0,0.0
348,Veraval,IN,2022-02-05 22:07:00,20.9,70.3667,64.36,77,1,8.81,clear sky,0.0,0.0
349,Sohag,EG,2022-02-05 22:07:00,26.557,31.6948,50.49,56,0,6.67,clear sky,0.0,0.0
350,Muroran,JP,2022-02-05 22:07:01,42.3172,140.9881,7.05,74,75,14.94,broken clouds,0.0,0.0
351,Dekar,BW,2022-02-05 22:07:01,-21.5333,21.9333,71.82,70,61,9.44,light rain,0.8,0.0
352,Kotido,UG,2022-02-05 22:07:01,2.9806,34.1331,73.9,42,100,1.66,overcast clouds,0.0,0.0
353,Skelleftea,SE,2022-02-05 22:07:02,64.7507,20.9528,21.99,66,79,1.99,broken clouds,0.0,0.0
354,Skibbereen,IE,2022-02-05 22:07:02,51.55,-9.2667,52.11,88,100,31.83,overcast clouds,0.0,0.0
355,Maldonado,UY,2022-02-05 22:07:03,-34.6667,-54.9167,67.23,76,70,10.78,broken clouds,0.0,0.0
356,Dingle,PH,2022-02-05 21:59:01,10.9995,122.6711,74.28,84,92,10.6,overcast clouds,0.0,0.0
357,Cockburn Town,TC,2022-02-05 21:59:07,21.4612,-71.1419,78.76,53,40,11.5,scattered clouds,0.0,0.0
358,Constitucion,CL,2022-02-05 22:04:44,-35.3333,-72.4167,67.78,60,2,16.2,clear sky,0.0,0.0
359,Bairiki,KI,2022-02-05 22:07:03,1.3292,172.9752,86.0,74,20,13.8,few clouds,0.0,0.0
360,Energeticheskiy,KZ,2022-02-05 22:07:04,43.4278,77.0222,21.76,86,20,4.47,mist,0.0,0.0
361,Jinka,ET,2022-02-05 22:07:04,5.65,36.65,67.96,49,93,2.15,overcast clouds,0.0,0.0
362,Labytnangi,RU,2022-02-05 22:07:05,66.6572,66.4183,-18.92,99,36,1.3,scattered clouds,0.0,0.0
363,Ust-Omchug,RU,2022-02-05 22:07:05,61.15,149.6333,-26.95,85,40,2.24,scattered clouds,0.0,0.0
364,Ostrovnoy,RU,2022-02-05 22:07:05,68.0531,39.5131,16.07,83,100,30.82,overcast clouds,0.0,0.0
365,Norman Wells,CA,2022-02-05 22:02:15,65.282,-126.8329,-3.51,90,97,6.85,overcast clouds,0.0,0.0
366,Griffith,US,2022-02-05 22:07:06,41.5284,-87.4237,21.04,63,0,5.01,clear sky,0.0,0.0
367,Mocuba,MZ,2022-02-05 22:07:06,-16.8392,36.9856,68.94,96,16,4.25,few clouds,0.0,0.0
368,Kaeng Khoi,TH,2022-02-05 22:07:07,14.5862,100.9976,77.99,61,93,7.45,overcast clouds,0.0,0.0
369,Port Hardy,CA,2022-02-05 22:02:19,50.6996,-127.4199,44.91,84,100,6.85,overcast clouds,0.0,0.0
370,Bellshill,GB,2022-02-05 22:07:07,55.8167,-4.0167,40.37,93,97,5.01,light rain,0.44,0.0
371,Cap Malheureux,MU,2022-02-05 22:07:08,-19.9842,57.6142,79.47,77,100,5.99,overcast clouds,0.0,0.0
372,Baniachang,BD,2022-02-05 22:02:21,24.5167,91.3667,53.98,75,0,1.92,clear sky,0.0,0.0
373,Luderitz,NA,2022-02-05 22:02:24,-26.6481,15.1594,67.28,81,95,5.12,overcast clouds,0.0,0.0
374,Axim,GH,2022-02-05 22:04:42,4.8699,-2.2405,79.79,84,30,6.15,scattered clouds,0.0,0.0
375,Havoysund,NO,2022-02-05 22:07:09,70.9963,24.6622,29.28,71,52,34.02,broken clouds,0.0,0.0
376,Mahibadhoo,MV,2022-02-05 21:57:46,3.7833,72.9667,81.19,70,20,10.18,few clouds,0.0,0.0
377,Ginda,IN,2022-02-05 22:07:09,30.6945,78.4932,36.59,38,29,6.55,scattered clouds,0.0,0.0
378,Ahuimanu,US,2022-02-05 22:07:10,21.4447,-157.8378,80.31,69,75,3.0,broken clouds,0.0,0.0
379,Joshimath,IN,2022-02-05 22:07:10,30.5667,79.5667,35.85,37,9,7.67,clear sky,0.0,0.0
380,Kiunga,PG,2022-02-05 22:03:22,-6.1219,141.2906,73.2,98,100,2.66,overcast clouds,0.0,0.0
381,Poum,NC,2022-02-05 22:07:11,-20.2333,164.0167,80.4,75,100,3.85,overcast clouds,0.0,0.0
382,Zavetnoye,RU,2022-02-05 22:07:11,47.1194,43.8903,25.36,90,36,12.66,scattered clouds,0.0,0.0
383,Santa Isabel Do Rio Negro,BR,2022-02-05 22:07:11,-0.4139,-65.0192,77.59,91,100,0.69,moderate rain,3.65,0.0
384,Coruripe,BR,2022-02-05 22:05:14,-10.1256,-36.1756,79.7,69,100,12.97,overcast clouds,0.0,0.0
385,Geghamasar,AM,2022-02-05 22:07:12,40.3109,45.6792,5.59,66,27,4.76,scattered clouds,0.0,0.0
386,Morada Nova,BR,2022-02-05 22:07:12,-5.1067,-38.3725,80.82,67,57,9.71,light rain,0.41,0.0
387,Marana,US,2022-02-05 22:05:40,32.4367,-111.2254,68.54,13,0,4.61,clear sky,0.0,0.0
388,Sal Rei,CV,2022-02-05 22:07:13,16.1833,-22.9167,68.56,82,0,17.45,clear sky,0.0,0.0
389,Palaikastron,GR,2022-02-05 22:07:13,35.2,26.25,49.75,68,23,6.44,few clouds,0.0,0.0
390,Teknaf,BD,2022-02-05 22:07:14,20.8624,92.3058,61.93,92,28,9.64,scattered clouds,0.0,0.0
391,Muisne,EC,2022-02-05 22:07:14,0.6,-80.0333,80.71,88,85,6.26,light rain,0.83,0.0
392,Masuguru,TZ,2022-02-05 22:07:14,-11.3667,38.4167,72.46,89,100,2.13,overcast clouds,0.0,0.0
393,Ponta Delgada,PT,2022-02-05 22:03:19,37.7333,-25.6667,59.5,82,20,10.36,few clouds,0.0,0.0
394,Grand Baie,MU,2022-02-05 22:07:15,-20.0182,57.5802,79.45,77,100,5.99,overcast clouds,0.0,0.0
395,Petatlan,MX,2022-02-05 22:07:15,17.5167,-101.2667,87.6,43,0,5.68,clear sky,0.0,0.0
396,Kropotkin,RU,2022-02-05 22:07:16,45.4375,40.5756,23.77,90,22,4.32,few clouds,0.0,0.0
397,Namibe,AO,2022-02-05 22:07:16,-15.1961,12.1522,73.35,67,100,10.49,overcast clouds,0.0,0.0
398,Ratnagiri,IN,2022-02-05 22:07:17,16.9833,73.3,67.5,85,54,6.76,broken clouds,0.0,0.0
399,Ahipara,NZ,2022-02-05 22:07:17,-35.1667,173.1667,73.08,93,99,5.99,overcast clouds,0.0,0.0
400,Khasan,RU,2022-02-05 22:07:17,42.4308,130.6434,11.46,60,5,20.15,clear sky,0.0,0.0
401,Marakkanam,IN,2022-02-05 22:07:18,12.2,79.95,76.32,78,62,7.76,broken clouds,0.0,0.0
402,Vostok,RU,2022-02-05 22:04:56,46.4856,135.8833,-12.46,99,100,3.0,overcast clouds,0.0,0.0
403,Chapais,CA,2022-02-05 21:57:46,49.7834,-74.8492,1.18,86,94,7.56,overcast clouds,0.0,0.0
404,Mirpur Sakro,PK,2022-02-05 22:07:18,24.5474,67.6277,68.22,69,0,7.96,clear sky,0.0,0.0
405,Port Hedland,AU,2022-02-05 22:07:19,-20.3167,118.5667,82.45,83,87,6.91,overcast clouds,0.0,0.0
406,Itarema,BR,2022-02-05 22:07:19,-2.9248,-39.9167,79.5,77,11,10.87,few clouds,0.0,0.0
407,Singaraja,ID,2022-02-05 22:07:20,-8.112,115.0882,79.97,82,91,3.53,light rain,0.18,0.0
408,Novorzhev,RU,2022-02-05 22:07:20,57.0294,29.3338,31.95,96,100,7.74,overcast clouds,0.0,0.0
409,Shakawe,BW,2022-02-05 22:07:20,-18.3667,21.85,67.35,90,68,3.09,light rain,0.59,0.0
410,Labuhan,ID,2022-02-05 22:07:21,-6.8844,112.2051,77.41,87,96,9.93,overcast clouds,0.0,0.0
411,Latung,PH,2022-02-05 22:07:21,5.5,120.8833,81.48,73,100,4.21,overcast clouds,0.0,0.0
412,Visnes,NO,2022-02-05 22:02:49,59.3556,5.2242,40.57,70,20,25.32,few clouds,0.0,0.0
413,Birin,NP,2022-02-05 22:04:35,26.8865,88.0718,36.41,81,1,4.25,clear sky,0.0,0.0
414,Port Lincoln,AU,2022-02-05 22:00:23,-34.7333,135.8667,71.69,65,98,16.58,overcast clouds,0.0,0.0
415,Roma,US,2022-02-05 22:03:29,43.2128,-75.4557,15.66,56,0,12.66,clear sky,0.0,0.0
416,Los Llanos De Aridane,ES,2022-02-05 22:02:22,28.6585,-17.9182,62.35,57,0,7.0,clear sky,0.0,0.0
417,Karabash,RU,2022-02-05 22:07:22,55.4808,60.2157,16.97,94,100,3.65,overcast clouds,0.0,0.0
418,Les Escoumins,CA,2022-02-05 22:07:23,48.1111,-69.0236,-0.11,83,87,9.44,overcast clouds,0.0,0.0
419,Morant Bay,JM,2022-02-05 22:07:23,17.8815,-76.4093,85.62,60,5,13.24,clear sky,0.0,0.0
420,Aksha,RU,2022-02-05 22:07:24,50.2814,113.2867,-5.78,99,24,4.18,few clouds,0.0,0.0
421,Am Timan,TD,2022-02-05 22:07:24,11.0297,20.2827,75.27,18,100,7.43,overcast clouds,0.0,0.0
422,Virginia Beach,US,2022-02-05 22:04:53,36.8529,-75.978,38.26,52,20,5.99,few clouds,0.0,0.0
423,Longyearbyen,SJ,2022-02-05 22:01:50,78.2186,15.6401,10.24,56,20,23.02,few clouds,0.0,0.0
424,Kloulklubed,PW,2022-02-05 22:07:25,7.0419,134.2556,75.7,80,98,21.88,overcast clouds,0.0,0.0
425,Saint-Denis,FR,2022-02-05 22:07:25,48.9167,2.3333,47.17,77,100,7.0,overcast clouds,0.0,0.0
426,Quepos,CR,2022-02-05 22:07:25,9.4236,-84.1652,91.8,64,4,4.97,clear sky,0.0,0.0
427,Kroya,ID,2022-02-05 22:07:26,-7.6331,109.2461,77.32,86,99,4.05,overcast clouds,0.0,0.0
428,Prince Rupert,CA,2022-02-05 22:03:18,54.3161,-130.3201,40.64,92,100,10.58,light rain,0.34,0.0
429,Port-Cartier,CA,2022-02-05 22:07:26,50.0334,-66.8654,4.75,84,29,7.47,scattered clouds,0.0,0.0
430,Lagos,NG,2022-02-05 22:02:28,6.5833,3.75,76.68,92,0,3.44,clear sky,0.0,0.0
431,Berlevag,NO,2022-02-05 22:03:48,70.8578,29.0864,24.08,83,59,27.4,broken clouds,0.0,0.0
432,Bereda,ES,2022-02-05 22:07:27,43.2686,-7.5406,42.55,97,4,3.33,clear sky,0.0,0.0
433,Shache,CN,2022-02-05 22:07:27,38.4167,77.2406,31.71,61,100,2.75,overcast clouds,0.0,0.0
434,Weslaco,US,2022-02-05 22:07:28,26.1595,-97.9908,56.12,41,0,0.0,clear sky,0.0,0.0
435,Tver,RU,2022-02-05 22:04:34,56.8619,35.8931,10.96,95,84,8.43,broken clouds,0.0,0.0
436,Balkanabat,TM,2022-02-05 22:07:29,39.5108,54.3671,40.66,78,90,13.42,overcast clouds,0.0,0.0
437,Erdenet,MN,2022-02-05 22:07:29,49.0333,104.0833,-5.75,92,68,4.9,broken clouds,0.0,0.0
438,Jawala Mukhi,IN,2022-02-05 22:07:30,31.8833,76.3167,47.7,75,99,0.63,overcast clouds,0.0,0.0
439,San Quintin,MX,2022-02-05 22:07:30,30.4833,-115.95,63.0,30,0,9.24,clear sky,0.0,0.0
440,Kysyl-Syr,RU,2022-02-05 22:07:30,63.8986,122.7617,-24.56,100,98,2.42,overcast clouds,0.0,0.0
441,Juan Lacaze,UY,2022-02-05 22:07:31,-34.4342,-57.4381,66.27,74,54,21.03,broken clouds,0.0,0.0
442,Siocon,PH,2022-02-05 22:07:31,7.7061,122.1353,76.62,88,89,8.99,overcast clouds,0.0,0.0
443,Khandbari,NP,2022-02-05 22:07:32,27.3747,87.2039,43.32,65,8,3.98,clear sky,0.0,0.0
444,Chipiona,ES,2022-02-05 22:06:09,36.7366,-6.437,52.3,93,0,3.44,clear sky,0.0,0.0
445,Sao Filipe,CV,2022-02-05 22:03:48,14.8961,-24.4956,73.15,70,0,10.2,clear sky,0.0,0.0
446,La Ronge,CA,2022-02-05 22:03:41,55.1001,-105.2842,1.02,90,100,3.65,overcast clouds,0.0,0.0
447,Mirabad,AF,2022-02-05 22:07:33,30.4362,61.8383,59.58,25,0,10.13,clear sky,0.0,0.0
448,Cay,TR,2022-02-05 22:07:33,38.5917,31.0286,27.32,65,2,2.13,clear sky,0.0,0.0
449,Hecun,CN,2022-02-05 22:07:33,36.5333,114.1111,31.59,37,92,2.93,overcast clouds,0.0,0.0
450,Acajutla,SV,2022-02-05 22:07:34,13.5928,-89.8275,85.8,48,20,1.81,few clouds,0.0,0.0
451,Porbandar,IN,2022-02-05 22:03:09,21.6422,69.6093,66.29,70,0,5.26,clear sky,0.0,0.0
452,Koszalin,PL,2022-02-05 22:07:34,54.1944,16.1722,40.68,90,97,19.24,overcast clouds,0.0,0.0
453,Kirakira,SB,2022-02-05 22:07:35,-10.4544,161.9205,83.95,78,88,7.36,overcast clouds,0.0,0.0
454,Plouzane,FR,2022-02-05 22:07:35,48.3833,-4.6167,50.32,87,75,19.57,broken clouds,0.0,0.0
455,Bolgar,RU,2022-02-05 22:07:35,54.95,49.0667,26.62,97,100,3.53,overcast clouds,0.0,0.0
456,Antofagasta,CL,2022-02-05 21:58:15,-23.65,-70.4,69.08,72,6,7.81,clear sky,0.0,0.0
457,Khandyga,RU,2022-02-05 22:04:00,62.6667,135.6,-45.92,100,82,2.51,broken clouds,0.0,0.0
458,Bundaberg,AU,2022-02-05 22:07:36,-24.85,152.35,76.21,67,24,5.01,few clouds,0.0,0.0
459,Byron Bay,AU,2022-02-05 22:05:09,-28.65,153.6167,71.06,66,95,19.19,light rain,0.21,0.0
460,Zamora,EC,2022-02-05 22:07:37,-4.0692,-78.9567,76.3,90,66,2.35,light rain,0.94,0.0
461,Vila Franca Do Campo,PT,2022-02-05 22:07:37,37.7167,-25.4333,59.2,82,89,11.39,overcast clouds,0.0,0.0
462,Brae,GB,2022-02-05 22:07:38,60.3964,-1.353,37.31,59,100,37.02,overcast clouds,0.0,0.0
463,Anadyr,RU,2022-02-05 22:04:00,64.75,177.4833,-24.29,99,19,4.43,few clouds,0.0,0.0
464,Talaya,RU,2022-02-05 22:07:38,61.3833,152.75,-35.54,96,52,2.51,broken clouds,0.0,0.0
465,Belaya Gora,RU,2022-02-05 22:07:38,68.5333,146.4167,-41.71,100,97,1.61,overcast clouds,0.0,0.0
466,Portland,US,2022-02-05 22:01:06,45.5234,-122.6762,53.46,76,88,3.0,overcast clouds,0.0,0.0
467,Kitob,UZ,2022-02-05 22:07:39,39.0843,66.8332,52.38,91,100,4.12,heavy intensity rain,5.31,0.0
468,Fairfield,US,2022-02-05 22:06:53,41.2668,-73.3162,25.47,63,0,1.99,clear sky,0.0,0.0
469,Halmstad,SE,2022-02-05 22:07:39,56.6745,12.8568,40.3,93,100,29.93,light rain,0.75,0.0
470,Tenenkou,ML,2022-02-05 22:07:40,14.4572,-4.9169,73.26,9,0,10.27,clear sky,0.0,0.0
471,Badiraguato,MX,2022-02-05 22:07:40,25.3667,-107.5167,79.7,21,5,7.92,clear sky,0.0,0.0
472,Batemans Bay,AU,2022-02-05 22:07:40,-35.7167,150.1833,66.9,77,100,9.35,overcast clouds,0.0,0.0
473,Ozernovskiy,RU,2022-02-05 22:07:41,51.5,156.5167,24.78,88,98,5.64,overcast clouds,0.0,0.0
474,Nome,US,2022-02-05 22:03:21,64.5011,-165.4064,-2.13,65,0,3.44,clear sky,0.0,0.0
475,Rezekne,LV,2022-02-05 22:07:41,56.5,27.3167,31.33,92,100,12.95,overcast clouds,0.0,0.0
476,Jacqueville,CI,2022-02-05 22:07:42,5.2052,-4.4146,82.31,86,10,8.3,clear sky,0.0,0.0
477,Kurtamysh,RU,2022-02-05 22:07:42,54.9103,64.4319,11.08,90,100,5.97,overcast clouds,0.0,0.0
478,Niimi,JP,2022-02-05 22:07:42,34.9833,133.4667,25.2,84,81,10.76,broken clouds,0.0,0.0
479,Vardo,NO,2022-02-05 22:02:24,70.3705,31.1107,26.85,79,97,28.74,overcast clouds,0.0,0.0
480,Viedma,AR,2022-02-05 22:07:43,-40.8135,-62.9967,62.47,48,66,13.62,broken clouds,0.0,0.0
481,Paita,PE,2022-02-05 22:07:43,-5.0892,-81.1144,74.43,73,3,17.6,clear sky,0.0,0.0
482,Kayerkan,RU,2022-02-05 22:07:44,69.3497,87.7602,-17.48,99,98,1.52,overcast clouds,0.0,0.0
483,San Vicente,AR,2022-02-05 22:07:44,-26.6167,-54.1333,71.35,85,100,0.76,overcast clouds,0.0,0.0
484,Flinders,AU,2022-02-05 22:03:13,-34.5833,150.8552,71.2,79,87,8.99,overcast clouds,0.0,0.0
485,Ajdabiya,LY,2022-02-05 22:07:45,30.7554,20.2263,55.69,55,14,9.53,few clouds,0.0,0.0
486,Mishan,CN,2022-02-05 22:07:45,45.55,131.8833,-7.06,94,30,7.18,scattered clouds,0.0,0.0
487,Makakilo City,US,2022-02-05 22:01:46,21.3469,-158.0858,78.55,63,40,8.05,scattered clouds,0.0,0.0
488,Canto Do Buriti,BR,2022-02-05 22:07:46,-8.11,-42.9444,78.46,65,33,4.05,scattered clouds,0.0,0.0
489,Asbe Teferi,ET,2022-02-05 22:07:46,9.0833,40.8667,60.21,23,6,3.36,clear sky,0.0,0.0
490,Morropon,PE,2022-02-05 22:07:46,-5.1822,-79.9689,91.89,38,34,2.66,scattered clouds,0.0,0.0
491,Kandrian,PG,2022-02-05 22:07:47,-6.2167,149.55,83.23,74,100,13.76,overcast clouds,0.0,0.0
492,Panubigan,PH,2022-02-05 22:07:47,7.4281,123.3466,76.57,83,62,9.22,broken clouds,0.0,0.0
493,Yining,CN,2022-02-05 22:07:48,29.0361,114.5636,38.21,87,100,3.49,light rain,0.14,0.0
494,Duiwelskloof,ZA,2022-02-05 22:07:48,-23.6934,30.14,64.09,91,58,7.83,broken clouds,0.0,0.0
495,Asahikawa,JP,2022-02-05 22:07:48,43.7678,142.3703,4.21,85,40,3.44,scattered clouds,0.0,0.0
496,Nortelandia,BR,2022-02-05 22:07:49,-14.4547,-56.8028,80.38,81,78,2.75,moderate rain,3.65,0.0
497,Katastarion,GR,2022-02-05 22:07:49,37.8333,20.7667,54.1,87,82,5.53,broken clouds,0.0,0.0
498,Bowen,AU,2022-02-05 22:07:50,-20.0167,148.2333,77.23,72,4,16.58,clear sky,0.0,0.0
499,Kigoma,TZ,2022-02-05 22:07:50,-4.8769,29.6267,72.66,77,94,2.06,overcast clouds,0.0,0.0
500,Havre-Saint-Pierre,CA,2022-02-05 22:03:40,50.2334,-63.5986,7.68,79,100,10.67,overcast clouds,0.0,0.0
501,Tucurui,BR,2022-02-05 22:07:51,-3.7661,-49.6725,75.92,94,97,2.62,moderate rain,2.9,0.0
502,Anshun,CN,2022-02-05 22:07:51,26.25,105.9333,41.07,97,100,7.09,overcast clouds,0.0,0.0
503,Nizhniy Tsasuchey,RU,2022-02-05 22:07:51,50.5167,115.1333,-6.41,96,6,5.66,clear sky,0.0,0.0
504,Horta,PT,2022-02-05 22:07:52,38.5333,-28.6333,59.29,77,38,11.88,scattered clouds,0.0,0.0
505,Moree,AU,2022-02-05 22:07:52,-29.4667,149.85,69.82,49,5,16.11,clear sky,0.0,0.0
506,Comodoro Rivadavia,AR,2022-02-05 22:07:53,-45.8667,-67.5,67.86,49,0,18.41,clear sky,0.0,0.0
507,Antalaha,MG,2022-02-05 22:07:53,-14.9003,50.2788,74.8,87,100,4.47,moderate rain,1.19,0.0
508,Shimoda,JP,2022-02-05 22:07:53,34.6667,138.95,33.1,61,5,26.44,clear sky,0.0,0.0
509,Bam,IR,2022-02-05 22:07:54,29.106,58.357,53.8,55,0,7.23,clear sky,0.0,0.0
510,Henties Bay,NA,2022-02-05 22:07:54,-22.116,14.2845,66.85,81,23,4.16,few clouds,0.0,0.0
511,Chiman,PK,2022-02-05 22:07:54,32.5463,73.8138,48.34,52,79,2.04,broken clouds,0.0,0.0
512,Victor Harbor,AU,2022-02-05 22:07:55,-35.5667,138.6167,78.73,82,84,9.98,broken clouds,0.0,0.0
513,Neiafu,TO,2022-02-05 22:07:55,-18.65,-173.9833,77.68,100,100,6.91,moderate rain,0.0,0.0
514,Yongan,CN,2022-02-05 22:07:56,39.6957,113.6871,13.48,52,11,2.01,few clouds,0.0,0.0
515,Spearfish,US,2022-02-05 22:07:56,44.4908,-103.8594,48.02,38,20,8.01,few clouds,0.0,0.0
516,Walvis Bay,NA,2022-02-05 22:07:56,-22.9575,14.5053,67.08,79,61,3.15,light rain,0.22,0.0
517,Harnosand,SE,2022-02-05 22:07:57,62.6323,17.9379,8.6,81,38,9.15,scattered clouds,0.0,0.0
518,Balakhninskiy,RU,2022-02-05 22:07:57,58.0106,114.2769,-7.28,99,99,2.8,overcast clouds,0.0,0.0
519,Guerrero Negro,MX,2022-02-05 22:01:55,27.9769,-114.0611,70.09,22,0,7.52,clear sky,0.0,0.0
520,Mkushi,ZM,2022-02-05 22:07:57,-13.6202,29.3939,60.67,97,74,2.66,broken clouds,0.0,0.0
521,Jaisalmer,IN,2022-02-05 22:07:58,26.9147,70.9181,63.55,37,0,10.16,clear sky,0.0,0.0
522,Caravelas,BR,2022-02-05 22:02:55,-17.7125,-39.2481,77.67,79,100,9.08,overcast clouds,0.0,0.0
523,Ballina,AU,2022-02-05 22:07:58,-28.8667,153.5667,64.78,97,97,19.62,light rain,0.27,0.0
524,Sangar,RU,2022-02-05 22:07:59,63.9242,127.4739,-34.78,99,100,3.13,overcast clouds,0.0,0.0
525,Anloga,GH,2022-02-05 22:07:59,5.7947,0.8973,81.5,79,0,8.66,clear sky,0.0,0.0
526,Megion,RU,2022-02-05 22:07:59,61.0296,76.1136,15.82,96,100,8.16,light snow,0.0,0.31
527,Greenfield,US,2022-02-05 22:08:00,42.9614,-88.0126,22.57,52,40,8.01,scattered clouds,0.0,0.0
528,Surab,PK,2022-02-05 22:05:08,28.4914,66.2585,46.62,21,0,6.2,clear sky,0.0,0.0
529,Ewo,CG,2022-02-05 22:08:00,-0.8725,14.8206,82.17,47,75,3.94,broken clouds,0.0,0.0
530,Bilibino,RU,2022-02-05 22:03:23,68.0546,166.4372,-16.06,90,13,4.7,few clouds,0.0,0.0
531,Salym,RU,2022-02-05 22:08:01,60.0625,71.4789,17.58,97,100,2.71,overcast clouds,0.0,0.0
532,Banamba,ML,2022-02-05 22:08:01,13.55,-7.45,71.98,11,0,8.61,clear sky,0.0,0.0
533,Hofn,IS,2022-02-05 22:04:25,64.2539,-15.2082,27.19,61,72,11.83,broken clouds,0.0,0.0
534,Kommunisticheskiy,RU,2022-02-05 22:08:02,61.6789,64.4819,9.91,97,92,5.75,overcast clouds,0.0,0.0
535,Oyama,JP,2022-02-05 22:08:02,36.3,139.8,33.58,40,36,2.55,scattered clouds,0.0,0.0
536,Kota Belud,MY,2022-02-05 22:08:03,6.351,116.4305,76.86,85,83,7.02,broken clouds,0.0,0.0
537,Ust-Kuyga,RU,2022-02-05 22:08:03,70.0167,135.6,-36.72,99,100,4.56,overcast clouds,0.0,0.0
538,The Valley,AI,2022-02-05 22:02:23,18.217,-63.0578,77.09,77,100,20.38,overcast clouds,0.0,0.0
539,Valparaiso,CL,2022-02-05 22:08:04,-33.0393,-71.6273,80.83,56,0,16.11,clear sky,0.0,0.0
540,Tagbac,PH,2022-02-05 22:08:04,7.089,125.1567,69.1,90,29,4.23,scattered clouds,0.0,0.0
